"year","household_type","housing_burden","share","source"
"2,009","All","Less than 20% of income","0.31632610824","ACS_B25074_B25095_1YR_5YR"
"2,009","All","20% to 34% of income","0.32553400958","ACS_B25074_B25095_1YR_5YR"
"2,009","All","At least 35% of income","0.35813988218","ACS_B25074_B25095_1YR_5YR"
"2,010","All","Less than 20% of income","0.31068434416","ACS_B25074_B25095_1YR_5YR"
"2,010","All","20% to 34% of income","0.32742895221","ACS_B25074_B25095_1YR_5YR"
"2,010","All","At least 35% of income","0.36188670363","ACS_B25074_B25095_1YR_5YR"
"2,011","All","Less than 20% of income","0.31351358183","ACS_B25074_B25095_1YR_5YR"
"2,011","All","20% to 34% of income","0.33126379206","ACS_B25074_B25095_1YR_5YR"
"2,011","All","At least 35% of income","0.35522262611","ACS_B25074_B25095_1YR_5YR"
"2,012","All","Less than 20% of income","0.3289195198","ACS_B25074_B25095_1YR"
"2,012","All","20% to 34% of income","0.32864321804","ACS_B25074_B25095_1YR"
"2,012","All","At least 35% of income","0.34243726216","ACS_B25074_B25095_1YR"
"2,013","All","Less than 20% of income","0.35614505601","ACS_B25074_B25095_1YR"
"2,013","All","20% to 34% of income","0.32080444678","ACS_B25074_B25095_1YR"
"2,013","All","At least 35% of income","0.32305049721","ACS_B25074_B25095_1YR"
"2,014","All","Less than 20% of income","0.36568978262","ACS_B25074_B25095_1YR_5YR"
"2,014","All","20% to 34% of income","0.32128204756","ACS_B25074_B25095_1YR_5YR"
"2,014","All","At least 35% of income","0.31302816982","ACS_B25074_B25095_1YR_5YR"
"2,015","All","Less than 20% of income","0.37298276426","ACS_B25074_B25095_1YR_5YR"
"2,015","All","20% to 34% of income","0.32065336806","ACS_B25074_B25095_1YR_5YR"
"2,015","All","At least 35% of income","0.30636386769","ACS_B25074_B25095_1YR_5YR"
"2,016","All","Less than 20% of income","0.38170964866","ACS_B25074_B25095_1YR_5YR"
"2,016","All","20% to 34% of income","0.31952950787","ACS_B25074_B25095_1YR_5YR"
"2,016","All","At least 35% of income","0.29876084347","ACS_B25074_B25095_1YR_5YR"
"2,017","All","Less than 20% of income","0.38160366566","ACS_B25074_B25095_1YR_5YR"
"2,017","All","20% to 34% of income","0.32268660963","ACS_B25074_B25095_1YR_5YR"
"2,017","All","At least 35% of income","0.29570972471","ACS_B25074_B25095_1YR_5YR"
"2,018","All","Less than 20% of income","0.39978286684","ACS_B25074_B25095_1YR_5YR"
"2,018","All","20% to 34% of income","0.31210777469","ACS_B25074_B25095_1YR_5YR"
"2,018","All","At least 35% of income","0.28810935847","ACS_B25074_B25095_1YR_5YR"
"2,019","All","Less than 20% of income","0.41501484102","ACS_B25074_B25095_1YR_5YR"
"2,019","All","20% to 34% of income","0.30739091051","ACS_B25074_B25095_1YR_5YR"
"2,019","All","At least 35% of income","0.27759424846","ACS_B25074_B25095_1YR_5YR"
"2,020","All","Less than 20% of income","0.3974278968","ACS_B25074_B25095_5YR"
"2,020","All","20% to 34% of income","0.31238280324","ACS_B25074_B25095_5YR"
"2,020","All","At least 35% of income","0.29018929995","ACS_B25074_B25095_5YR"
"2,021","All","Less than 20% of income","0.39923677947","ACS_B25074_B25095_1YR_5YR"
"2,021","All","20% to 34% of income","0.29776378013","ACS_B25074_B25095_1YR_5YR"
"2,021","All","At least 35% of income","0.3029994404","ACS_B25074_B25095_1YR_5YR"
"2,022","All","Less than 20% of income","0.40641506783","ACS_B25074_B25095_1YR_5YR"
"2,022","All","20% to 34% of income","0.29303534935","ACS_B25074_B25095_1YR_5YR"
"2,022","All","At least 35% of income","0.30054958282","ACS_B25074_B25095_1YR_5YR"
"2,023","All","Less than 20% of income","0.39673176313","ACS_B25074_B25095_1YR_5YR"
"2,023","All","20% to 34% of income","0.29569014246","ACS_B25074_B25095_1YR_5YR"
"2,023","All","At least 35% of income","0.30757809441","ACS_B25074_B25095_1YR_5YR"
"2,024","All","Less than 20% of income","0.40526119379","ACS_B25074_B25095_1YR_5YR"
"2,024","All","20% to 34% of income","0.28827925701","ACS_B25074_B25095_1YR_5YR"
"2,024","All","At least 35% of income","0.3064595492","ACS_B25074_B25095_1YR_5YR"
"2,009","Owner","Less than 20% of income","0.36305108292","ACS_B25095_1YR"
"2,009","Owner","20% to 34% of income","0.30893216831","ACS_B25095_1YR"
"2,009","Owner","At least 35% of income","0.32801674877","ACS_B25095_1YR"
"2,010","Owner","Less than 20% of income","0.36077597476","ACS_B25095_1YR"
"2,010","Owner","20% to 34% of income","0.31849476234","ACS_B25095_1YR"
"2,010","Owner","At least 35% of income","0.32072926289","ACS_B25095_1YR"
"2,011","Owner","Less than 20% of income","0.37700880604","ACS_B25095_1YR"
"2,011","Owner","20% to 34% of income","0.32016247817","ACS_B25095_1YR"
"2,011","Owner","At least 35% of income","0.30282871579","ACS_B25095_1YR"
"2,012","Owner","Less than 20% of income","0.40537145147","ACS_B25095_1YR"
"2,012","Owner","20% to 34% of income","0.32027687547","ACS_B25095_1YR"
"2,012","Owner","At least 35% of income","0.27435167305","ACS_B25095_1YR"
"2,013","Owner","Less than 20% of income","0.44579410033","ACS_B25095_1YR"
"2,013","Owner","20% to 34% of income","0.30680040223","ACS_B25095_1YR"
"2,013","Owner","At least 35% of income","0.24740549744","ACS_B25095_1YR"
"2,014","Owner","Less than 20% of income","0.46060361322","ACS_B25095_1YR"
"2,014","Owner","20% to 34% of income","0.30198585535","ACS_B25095_1YR"
"2,014","Owner","At least 35% of income","0.23741053143","ACS_B25095_1YR"
"2,015","Owner","Less than 20% of income","0.46334949262","ACS_B25095_1YR"
"2,015","Owner","20% to 34% of income","0.30378810059","ACS_B25095_1YR"
"2,015","Owner","At least 35% of income","0.23286240679","ACS_B25095_1YR"
"2,016","Owner","Less than 20% of income","0.46774070306","ACS_B25095_1YR"
"2,016","Owner","20% to 34% of income","0.30167191486","ACS_B25095_1YR"
"2,016","Owner","At least 35% of income","0.23058738208","ACS_B25095_1YR"
"2,017","Owner","Less than 20% of income","0.46427121424","ACS_B25095_1YR"
"2,017","Owner","20% to 34% of income","0.30967063631","ACS_B25095_1YR"
"2,017","Owner","At least 35% of income","0.22605814945","ACS_B25095_1YR"
"2,018","Owner","Less than 20% of income","0.48830294615","ACS_B25095_1YR"
"2,018","Owner","20% to 34% of income","0.29241387819","ACS_B25095_1YR"
"2,018","Owner","At least 35% of income","0.21928317567","ACS_B25095_1YR"
"2,019","Owner","Less than 20% of income","0.50267958343","ACS_B25095_1YR"
"2,019","Owner","20% to 34% of income","0.28351058998","ACS_B25095_1YR"
"2,019","Owner","At least 35% of income","0.21380982659","ACS_B25095_1YR"
"2,020","Owner","Less than 20% of income","0.48221945664","ACS_B25095_5YR"
"2,020","Owner","20% to 34% of income","0.29295112301","ACS_B25095_5YR"
"2,020","Owner","At least 35% of income","0.22482942035","ACS_B25095_5YR"
"2,021","Owner","Less than 20% of income","0.49876487402","ACS_B25095_1YR"
"2,021","Owner","20% to 34% of income","0.27324969394","ACS_B25095_1YR"
"2,021","Owner","At least 35% of income","0.22798543204","ACS_B25095_1YR"
"2,022","Owner","Less than 20% of income","0.50843612494","ACS_B25095_1YR"
"2,022","Owner","20% to 34% of income","0.2647511616","ACS_B25095_1YR"
"2,022","Owner","At least 35% of income","0.22681271346","ACS_B25095_1YR"
"2,023","Owner","Less than 20% of income","0.49315890436","ACS_B25095_1YR"
"2,023","Owner","20% to 34% of income","0.26854335244","ACS_B25095_1YR"
"2,023","Owner","At least 35% of income","0.2382977432","ACS_B25095_1YR"
"2,024","Owner","Less than 20% of income","0.49831848118","ACS_B25095_1YR_5YR"
"2,024","Owner","20% to 34% of income","0.26474516532","ACS_B25095_1YR_5YR"
"2,024","Owner","At least 35% of income","0.2369363535","ACS_B25095_1YR_5YR"
"2,009","Renter","Less than 20% of income","0.25098547243","ACS_B25074_1YR_5YR"
"2,009","Renter","20% to 34% of income","0.34875017763","ACS_B25074_1YR_5YR"
"2,009","Renter","At least 35% of income","0.40026434994","ACS_B25074_1YR_5YR"
"2,010","Renter","Less than 20% of income","0.24420875767","ACS_B25074_1YR_5YR"
"2,010","Renter","20% to 34% of income","0.33928533428","ACS_B25074_1YR_5YR"
"2,010","Renter","At least 35% of income","0.41650590805","ACS_B25074_1YR_5YR"
"2,011","Renter","Less than 20% of income","0.23157896641","ACS_B25074_1YR_5YR"
"2,011","Renter","20% to 34% of income","0.34558899361","ACS_B25074_1YR_5YR"
"2,011","Renter","At least 35% of income","0.42283203998","ACS_B25074_1YR_5YR"
"2,012","Renter","Less than 20% of income","0.23310733977","ACS_B25074_1YR"
"2,012","Renter","20% to 34% of income","0.33912820517","ACS_B25074_1YR"
"2,012","Renter","At least 35% of income","0.42776445506","ACS_B25074_1YR"
"2,013","Renter","Less than 20% of income","0.24278351055","ACS_B25074_1YR"
"2,013","Renter","20% to 34% of income","0.33851261249","ACS_B25074_1YR"
"2,013","Renter","At least 35% of income","0.41870387695","ACS_B25074_1YR"
"2,014","Renter","Less than 20% of income","0.24657400832","ACS_B25074_1YR_5YR"
"2,014","Renter","20% to 34% of income","0.34549854859","ACS_B25074_1YR_5YR"
"2,014","Renter","At least 35% of income","0.4079274431","ACS_B25074_1YR_5YR"
"2,015","Renter","Less than 20% of income","0.25814678792","ACS_B25074_1YR_5YR"
"2,015","Renter","20% to 34% of income","0.3420853651","ACS_B25074_1YR_5YR"
"2,015","Renter","At least 35% of income","0.39976784698","ACS_B25074_1YR_5YR"
"2,016","Renter","Less than 20% of income","0.27124685876","ACS_B25074_1YR_5YR"
"2,016","Renter","20% to 34% of income","0.3424584323","ACS_B25074_1YR_5YR"
"2,016","Renter","At least 35% of income","0.38629470894","ACS_B25074_1YR_5YR"
"2,017","Renter","Less than 20% of income","0.27241699141","ACS_B25074_1YR_5YR"
"2,017","Renter","20% to 34% of income","0.33987800895","ACS_B25074_1YR_5YR"
"2,017","Renter","At least 35% of income","0.38770499964","ACS_B25074_1YR_5YR"
"2,018","Renter","Less than 20% of income","0.28229976354","ACS_B25074_1YR_5YR"
"2,018","Renter","20% to 34% of income","0.33824534817","ACS_B25074_1YR_5YR"
"2,018","Renter","At least 35% of income","0.37945488828","ACS_B25074_1YR_5YR"
"2,019","Renter","Less than 20% of income","0.30182298749","ACS_B25074_1YR_5YR"
"2,019","Renter","20% to 34% of income","0.33822494561","ACS_B25074_1YR_5YR"
"2,019","Renter","At least 35% of income","0.3599520669","ACS_B25074_1YR_5YR"
"2,020","Renter","Less than 20% of income","0.28412896171","ACS_B25074_5YR"
"2,020","Renter","20% to 34% of income","0.33834751814","ACS_B25074_5YR"
"2,020","Renter","At least 35% of income","0.37752352015","ACS_B25074_5YR"
"2,021","Renter","Less than 20% of income","0.26268740891","ACS_B25074_1YR_5YR"
"2,021","Renter","20% to 34% of income","0.33139632434","ACS_B25074_1YR_5YR"
"2,021","Renter","At least 35% of income","0.40591626675","ACS_B25074_1YR_5YR"
"2,022","Renter","Less than 20% of income","0.26752218567","ACS_B25074_1YR_5YR"
"2,022","Renter","20% to 34% of income","0.33154183484","ACS_B25074_1YR_5YR"
"2,022","Renter","At least 35% of income","0.40093597949","ACS_B25074_1YR_5YR"
"2,023","Renter","Less than 20% of income","0.26767859681","ACS_B25074_1YR_5YR"
"2,023","Renter","20% to 34% of income","0.33202202124","ACS_B25074_1YR_5YR"
"2,023","Renter","At least 35% of income","0.40029938194","ACS_B25074_1YR_5YR"
"2,024","Renter","Less than 20% of income","0.28156421581","ACS_B25074_1YR_5YR"
"2,024","Renter","20% to 34% of income","0.31956209475","ACS_B25074_1YR_5YR"
"2,024","Renter","At least 35% of income","0.39887368944","ACS_B25074_1YR_5YR"
