"county","year","income_bracket","housing_burden","share","source"
"Alameda","2,024","Less than $10,000","Less than 20% of income","0.02451174639","ACS_B25074_B25095_1YR"
"Alameda","2,024","Less than $10,000","20% to 24% of income","0.00837814888","ACS_B25074_B25095_1YR"
"Alameda","2,024","Less than $10,000","25% to 29% of income","0.02807812058","ACS_B25074_B25095_1YR"
"Alameda","2,024","Less than $10,000","30% to 34% of income","0.02196433626","ACS_B25074_B25095_1YR"
"Alameda","2,024","Less than $10,000","35% to 39% of income","0","ACS_B25074_B25095_1YR"
"Alameda","2,024","Less than $10,000","40% to 49% of income","0.00667987546","ACS_B25074_B25095_1YR"
"Alameda","2,024","Less than $10,000","At least 50% of income","0.91038777243","ACS_B25074_B25095_1YR"
"Alameda","2,024","$10,000 to $20,000","Less than 20% of income","0.03537161678","ACS_B25074_B25095_1YR"
"Alameda","2,024","$10,000 to $20,000","20% to 24% of income","0.00830588572","ACS_B25074_B25095_1YR"
"Alameda","2,024","$10,000 to $20,000","25% to 29% of income","0.05985965917","ACS_B25074_B25095_1YR"
"Alameda","2,024","$10,000 to $20,000","30% to 34% of income","0.06114850351","ACS_B25074_B25095_1YR"
"Alameda","2,024","$10,000 to $20,000","35% to 39% of income","0.02574108549","ACS_B25074_B25095_1YR"
"Alameda","2,024","$10,000 to $20,000","40% to 49% of income","0.04722182443","ACS_B25074_B25095_1YR"
"Alameda","2,024","$10,000 to $20,000","At least 50% of income","0.76235142489","ACS_B25074_B25095_1YR"
"Alameda","2,024","$20,000 to $35,000","Less than 20% of income","0.06320754717","ACS_B25074_B25095_1YR"
"Alameda","2,024","$20,000 to $35,000","20% to 24% of income","0.04115902965","ACS_B25074_B25095_1YR"
"Alameda","2,024","$20,000 to $35,000","25% to 29% of income","0.05385444744","ACS_B25074_B25095_1YR"
"Alameda","2,024","$20,000 to $35,000","30% to 34% of income","0.03474393531","ACS_B25074_B25095_1YR"
"Alameda","2,024","$20,000 to $35,000","35% to 39% of income","0.02622641509","ACS_B25074_B25095_1YR"
"Alameda","2,024","$20,000 to $35,000","40% to 49% of income","0.08962264151","ACS_B25074_B25095_1YR"
"Alameda","2,024","$20,000 to $35,000","At least 50% of income","0.69118598383","ACS_B25074_B25095_1YR"
"Alameda","2,024","$35,000 to $50,000","Less than 20% of income","0.10037987483","ACS_B25074_B25095_1YR"
"Alameda","2,024","$35,000 to $50,000","20% to 24% of income","0.07862589161","ACS_B25074_B25095_1YR"
"Alameda","2,024","$35,000 to $50,000","25% to 29% of income","0.05219862808","ACS_B25074_B25095_1YR"
"Alameda","2,024","$35,000 to $50,000","30% to 34% of income","0.03801481239","ACS_B25074_B25095_1YR"
"Alameda","2,024","$35,000 to $50,000","35% to 39% of income","0.06034270722","ACS_B25074_B25095_1YR"
"Alameda","2,024","$35,000 to $50,000","40% to 49% of income","0.12483944139","ACS_B25074_B25095_1YR"
"Alameda","2,024","$35,000 to $50,000","At least 50% of income","0.54559864448","ACS_B25074_B25095_1YR"
"Alameda","2,024","$50,000 to $75,000","Less than 20% of income","0.15631061684","ACS_B25074_B25095_1YR"
"Alameda","2,024","$50,000 to $75,000","20% to 24% of income","0.07327363248","ACS_B25074_B25095_1YR"
"Alameda","2,024","$50,000 to $75,000","25% to 29% of income","0.06637139532","ACS_B25074_B25095_1YR"
"Alameda","2,024","$50,000 to $75,000","30% to 34% of income","0.07464761412","ACS_B25074_B25095_1YR"
"Alameda","2,024","$50,000 to $75,000","35% to 39% of income","0.10085025217","ACS_B25074_B25095_1YR"
"Alameda","2,024","$50,000 to $75,000","40% to 49% of income","0.20595176516","ACS_B25074_B25095_1YR"
"Alameda","2,024","$50,000 to $75,000","At least 50% of income","0.32259472391","ACS_B25074_B25095_1YR"
"Alameda","2,024","$75,000 to $100,000","Less than 20% of income","0.19586933764","ACS_B25074_B25095_1YR"
"Alameda","2,024","$75,000 to $100,000","20% to 24% of income","0.11620149399","ACS_B25074_B25095_1YR"
"Alameda","2,024","$75,000 to $100,000","25% to 29% of income","0.1279476215","ACS_B25074_B25095_1YR"
"Alameda","2,024","$75,000 to $100,000","30% to 34% of income","0.15367554428","ACS_B25074_B25095_1YR"
"Alameda","2,024","$75,000 to $100,000","35% to 39% of income","0.12155999929","ACS_B25074_B25095_1YR"
"Alameda","2,024","$75,000 to $100,000","40% to 49% of income","0.15520147625","ACS_B25074_B25095_1YR"
"Alameda","2,024","$75,000 to $100,000","At least 50% of income","0.12954452705","ACS_B25074_B25095_1YR"
"Alameda","2,024","$100,000 or more","Less than 20% of income","0.55856050472","ACS_B25074_B25095_1YR"
"Alameda","2,024","$100,000 or more","20% to 24% of income","0.17208249901","ACS_B25074_B25095_1YR"
"Alameda","2,024","$100,000 or more","25% to 29% of income","0.11201951971","ACS_B25074_B25095_1YR"
"Alameda","2,024","$100,000 or more","30% to 34% of income","0.06881195111","ACS_B25074_B25095_1YR"
"Alameda","2,024","$100,000 or more","35% to 39% of income","0.03503466077","ACS_B25074_B25095_1YR"
"Alameda","2,024","$100,000 or more","40% to 49% of income","0.03137056147","ACS_B25074_B25095_1YR"
"Alameda","2,024","$100,000 or more","At least 50% of income","0.02212030321","ACS_B25074_B25095_1YR"
"Contra Costa","2,024","Less than $10,000","Less than 20% of income","0.01521692208","ACS_B25074_B25095_1YR"
"Contra Costa","2,024","Less than $10,000","20% to 24% of income","0","ACS_B25074_B25095_1YR"
"Contra Costa","2,024","Less than $10,000","25% to 29% of income","0","ACS_B25074_B25095_1YR"
"Contra Costa","2,024","Less than $10,000","30% to 34% of income","0","ACS_B25074_B25095_1YR"
"Contra Costa","2,024","Less than $10,000","35% to 39% of income","0.00453270019","ACS_B25074_B25095_1YR"
"Contra Costa","2,024","Less than $10,000","40% to 49% of income","0","ACS_B25074_B25095_1YR"
"Contra Costa","2,024","Less than $10,000","At least 50% of income","0.98025037773","ACS_B25074_B25095_1YR"
"Contra Costa","2,024","$10,000 to $20,000","Less than 20% of income","0.00415588489","ACS_B25074_B25095_1YR"
"Contra Costa","2,024","$10,000 to $20,000","20% to 24% of income","0.03952011291","ACS_B25074_B25095_1YR"
"Contra Costa","2,024","$10,000 to $20,000","25% to 29% of income","0.0544969811","ACS_B25074_B25095_1YR"
"Contra Costa","2,024","$10,000 to $20,000","30% to 34% of income","0.08076531012","ACS_B25074_B25095_1YR"
"Contra Costa","2,024","$10,000 to $20,000","35% to 39% of income","0.02728769701","ACS_B25074_B25095_1YR"
"Contra Costa","2,024","$10,000 to $20,000","40% to 49% of income","0.03081627852","ACS_B25074_B25095_1YR"
"Contra Costa","2,024","$10,000 to $20,000","At least 50% of income","0.76295773543","ACS_B25074_B25095_1YR"
"Contra Costa","2,024","$20,000 to $35,000","Less than 20% of income","0.05963493443","ACS_B25074_B25095_1YR"
"Contra Costa","2,024","$20,000 to $35,000","20% to 24% of income","0.02804126828","ACS_B25074_B25095_1YR"
"Contra Costa","2,024","$20,000 to $35,000","25% to 29% of income","0.06813801444","ACS_B25074_B25095_1YR"
"Contra Costa","2,024","$20,000 to $35,000","30% to 34% of income","0.03321869922","ACS_B25074_B25095_1YR"
"Contra Costa","2,024","$20,000 to $35,000","35% to 39% of income","0.05619591096","ACS_B25074_B25095_1YR"
"Contra Costa","2,024","$20,000 to $35,000","40% to 49% of income","0.04553871736","ACS_B25074_B25095_1YR"
"Contra Costa","2,024","$20,000 to $35,000","At least 50% of income","0.70923245531","ACS_B25074_B25095_1YR"
"Contra Costa","2,024","$35,000 to $50,000","Less than 20% of income","0.09031040437","ACS_B25074_B25095_1YR"
"Contra Costa","2,024","$35,000 to $50,000","20% to 24% of income","0.04629964261","ACS_B25074_B25095_1YR"
"Contra Costa","2,024","$35,000 to $50,000","25% to 29% of income","0.08753965386","ACS_B25074_B25095_1YR"
"Contra Costa","2,024","$35,000 to $50,000","30% to 34% of income","0.05188129944","ACS_B25074_B25095_1YR"
"Contra Costa","2,024","$35,000 to $50,000","35% to 39% of income","0.04862867928","ACS_B25074_B25095_1YR"
"Contra Costa","2,024","$35,000 to $50,000","40% to 49% of income","0.14042484841","ACS_B25074_B25095_1YR"
"Contra Costa","2,024","$35,000 to $50,000","At least 50% of income","0.53491547203","ACS_B25074_B25095_1YR"
"Contra Costa","2,024","$50,000 to $75,000","Less than 20% of income","0.12908489427","ACS_B25074_B25095_1YR"
"Contra Costa","2,024","$50,000 to $75,000","20% to 24% of income","0.08701774778","ACS_B25074_B25095_1YR"
"Contra Costa","2,024","$50,000 to $75,000","25% to 29% of income","0.06401716661","ACS_B25074_B25095_1YR"
"Contra Costa","2,024","$50,000 to $75,000","30% to 34% of income","0.08104966695","ACS_B25074_B25095_1YR"
"Contra Costa","2,024","$50,000 to $75,000","35% to 39% of income","0.09683043498","ACS_B25074_B25095_1YR"
"Contra Costa","2,024","$50,000 to $75,000","40% to 49% of income","0.23398453217","ACS_B25074_B25095_1YR"
"Contra Costa","2,024","$50,000 to $75,000","At least 50% of income","0.30801555724","ACS_B25074_B25095_1YR"
"Contra Costa","2,024","$75,000 to $100,000","Less than 20% of income","0.22919640913","ACS_B25074_B25095_1YR"
"Contra Costa","2,024","$75,000 to $100,000","20% to 24% of income","0.08195610618","ACS_B25074_B25095_1YR"
"Contra Costa","2,024","$75,000 to $100,000","25% to 29% of income","0.11846976553","ACS_B25074_B25095_1YR"
"Contra Costa","2,024","$75,000 to $100,000","30% to 34% of income","0.15880659133","ACS_B25074_B25095_1YR"
"Contra Costa","2,024","$75,000 to $100,000","35% to 39% of income","0.13942458925","ACS_B25074_B25095_1YR"
"Contra Costa","2,024","$75,000 to $100,000","40% to 49% of income","0.1434171365","ACS_B25074_B25095_1YR"
"Contra Costa","2,024","$75,000 to $100,000","At least 50% of income","0.12872940209","ACS_B25074_B25095_1YR"
"Contra Costa","2,024","$100,000 or more","Less than 20% of income","0.54156965347","ACS_B25074_B25095_1YR"
"Contra Costa","2,024","$100,000 or more","20% to 24% of income","0.14673195555","ACS_B25074_B25095_1YR"
"Contra Costa","2,024","$100,000 or more","25% to 29% of income","0.12004432603","ACS_B25074_B25095_1YR"
"Contra Costa","2,024","$100,000 or more","30% to 34% of income","0.07777857789","ACS_B25074_B25095_1YR"
"Contra Costa","2,024","$100,000 or more","35% to 39% of income","0.04197370842","ACS_B25074_B25095_1YR"
"Contra Costa","2,024","$100,000 or more","40% to 49% of income","0.04090156261","ACS_B25074_B25095_1YR"
"Contra Costa","2,024","$100,000 or more","At least 50% of income","0.03100021603","ACS_B25074_B25095_1YR"
"Marin","2,024","Less than $10,000","Less than 20% of income","0.00848256362","ACS_B25074_B25095_1YR_5YR"
"Marin","2,024","Less than $10,000","20% to 24% of income","0","ACS_B25074_B25095_1YR_5YR"
"Marin","2,024","Less than $10,000","25% to 29% of income","0","ACS_B25074_B25095_1YR_5YR"
"Marin","2,024","Less than $10,000","30% to 34% of income","0.00471253534","ACS_B25074_B25095_1YR_5YR"
"Marin","2,024","Less than $10,000","35% to 39% of income","0","ACS_B25074_B25095_1YR_5YR"
"Marin","2,024","Less than $10,000","40% to 49% of income","0","ACS_B25074_B25095_1YR_5YR"
"Marin","2,024","Less than $10,000","At least 50% of income","0.98680490104","ACS_B25074_B25095_1YR_5YR"
"Marin","2,024","$10,000 to $20,000","Less than 20% of income","0.00505651398","ACS_B25074_B25095_1YR_5YR"
"Marin","2,024","$10,000 to $20,000","20% to 24% of income","0.06960142772","ACS_B25074_B25095_1YR_5YR"
"Marin","2,024","$10,000 to $20,000","25% to 29% of income","0.0746579417","ACS_B25074_B25095_1YR_5YR"
"Marin","2,024","$10,000 to $20,000","30% to 34% of income","0.05532421178","ACS_B25074_B25095_1YR_5YR"
"Marin","2,024","$10,000 to $20,000","35% to 39% of income","0.01933372992","ACS_B25074_B25095_1YR_5YR"
"Marin","2,024","$10,000 to $20,000","40% to 49% of income","0.02647233789","ACS_B25074_B25095_1YR_5YR"
"Marin","2,024","$10,000 to $20,000","At least 50% of income","0.749553837","ACS_B25074_B25095_1YR_5YR"
"Marin","2,024","$20,000 to $35,000","Less than 20% of income","0.05384470055","ACS_B25074_B25095_1YR_5YR"
"Marin","2,024","$20,000 to $35,000","20% to 24% of income","0.06121292273","ACS_B25074_B25095_1YR_5YR"
"Marin","2,024","$20,000 to $35,000","25% to 29% of income","0.07783865483","ACS_B25074_B25095_1YR_5YR"
"Marin","2,024","$20,000 to $35,000","30% to 34% of income","0.03891932741","ACS_B25074_B25095_1YR_5YR"
"Marin","2,024","$20,000 to $35,000","35% to 39% of income","0.01927073493","ACS_B25074_B25095_1YR_5YR"
"Marin","2,024","$20,000 to $35,000","40% to 49% of income","0.06045720763","ACS_B25074_B25095_1YR_5YR"
"Marin","2,024","$20,000 to $35,000","At least 50% of income","0.68845645192","ACS_B25074_B25095_1YR_5YR"
"Marin","2,024","$35,000 to $50,000","Less than 20% of income","0.08312205723","ACS_B25074_B25095_1YR_5YR"
"Marin","2,024","$35,000 to $50,000","20% to 24% of income","0.03531329229","ACS_B25074_B25095_1YR_5YR"
"Marin","2,024","$35,000 to $50,000","25% to 29% of income","0.04744657733","ACS_B25074_B25095_1YR_5YR"
"Marin","2,024","$35,000 to $50,000","30% to 34% of income","0.03784860558","ACS_B25074_B25095_1YR_5YR"
"Marin","2,024","$35,000 to $50,000","35% to 39% of income","0.07950018109","ACS_B25074_B25095_1YR_5YR"
"Marin","2,024","$35,000 to $50,000","40% to 49% of income","0.14107207534","ACS_B25074_B25095_1YR_5YR"
"Marin","2,024","$35,000 to $50,000","At least 50% of income","0.57569721116","ACS_B25074_B25095_1YR_5YR"
"Marin","2,024","$50,000 to $75,000","Less than 20% of income","0.11419118305","ACS_B25074_B25095_1YR_5YR"
"Marin","2,024","$50,000 to $75,000","20% to 24% of income","0.08673879996","ACS_B25074_B25095_1YR_5YR"
"Marin","2,024","$50,000 to $75,000","25% to 29% of income","0.07448806224","ACS_B25074_B25095_1YR_5YR"
"Marin","2,024","$50,000 to $75,000","30% to 34% of income","0.07466690512","ACS_B25074_B25095_1YR_5YR"
"Marin","2,024","$50,000 to $75,000","35% to 39% of income","0.07198426183","ACS_B25074_B25095_1YR_5YR"
"Marin","2,024","$50,000 to $75,000","40% to 49% of income","0.16489314138","ACS_B25074_B25095_1YR_5YR"
"Marin","2,024","$50,000 to $75,000","At least 50% of income","0.41303764643","ACS_B25074_B25095_1YR_5YR"
"Marin","2,024","$75,000 to $100,000","Less than 20% of income","0.16216806906","ACS_B25074_B25095_1YR_5YR"
"Marin","2,024","$75,000 to $100,000","20% to 24% of income","0.09190252431","ACS_B25074_B25095_1YR_5YR"
"Marin","2,024","$75,000 to $100,000","25% to 29% of income","0.1211889411","ACS_B25074_B25095_1YR_5YR"
"Marin","2,024","$75,000 to $100,000","30% to 34% of income","0.09070046989","ACS_B25074_B25095_1YR_5YR"
"Marin","2,024","$75,000 to $100,000","35% to 39% of income","0.08611080756","ACS_B25074_B25095_1YR_5YR"
"Marin","2,024","$75,000 to $100,000","40% to 49% of income","0.13550431647","ACS_B25074_B25095_1YR_5YR"
"Marin","2,024","$75,000 to $100,000","At least 50% of income","0.3124248716","ACS_B25074_B25095_1YR_5YR"
"Marin","2,024","$100,000 or more","Less than 20% of income","0.55928027941","ACS_B25074_B25095_1YR_5YR"
"Marin","2,024","$100,000 or more","20% to 24% of income","0.13819071972","ACS_B25074_B25095_1YR_5YR"
"Marin","2,024","$100,000 or more","25% to 29% of income","0.09932019459","ACS_B25074_B25095_1YR_5YR"
"Marin","2,024","$100,000 or more","30% to 34% of income","0.07074030186","ACS_B25074_B25095_1YR_5YR"
"Marin","2,024","$100,000 or more","35% to 39% of income","0.04947299489","ACS_B25074_B25095_1YR_5YR"
"Marin","2,024","$100,000 or more","40% to 49% of income","0.05198328552","ACS_B25074_B25095_1YR_5YR"
"Marin","2,024","$100,000 or more","At least 50% of income","0.03101222402","ACS_B25074_B25095_1YR_5YR"
"Napa","2,024","Less than $10,000","Less than 20% of income","0","ACS_B25074_B25095_5YR"
"Napa","2,024","Less than $10,000","20% to 24% of income","0","ACS_B25074_B25095_5YR"
"Napa","2,024","Less than $10,000","25% to 29% of income","0","ACS_B25074_B25095_5YR"
"Napa","2,024","Less than $10,000","30% to 34% of income","0","ACS_B25074_B25095_5YR"
"Napa","2,024","Less than $10,000","35% to 39% of income","0.00647773279","ACS_B25074_B25095_5YR"
"Napa","2,024","Less than $10,000","40% to 49% of income","0.05506072874","ACS_B25074_B25095_5YR"
"Napa","2,024","Less than $10,000","At least 50% of income","0.93846153846","ACS_B25074_B25095_5YR"
"Napa","2,024","$10,000 to $20,000","Less than 20% of income","0.02562609202","ACS_B25074_B25095_5YR"
"Napa","2,024","$10,000 to $20,000","20% to 24% of income","0.01164822365","ACS_B25074_B25095_5YR"
"Napa","2,024","$10,000 to $20,000","25% to 29% of income","0.07979033197","ACS_B25074_B25095_5YR"
"Napa","2,024","$10,000 to $20,000","30% to 34% of income","0.0495049505","ACS_B25074_B25095_5YR"
"Napa","2,024","$10,000 to $20,000","35% to 39% of income","0.03261502621","ACS_B25074_B25095_5YR"
"Napa","2,024","$10,000 to $20,000","40% to 49% of income","0.02154921374","ACS_B25074_B25095_5YR"
"Napa","2,024","$10,000 to $20,000","At least 50% of income","0.77926616191","ACS_B25074_B25095_5YR"
"Napa","2,024","$20,000 to $35,000","Less than 20% of income","0.11265969803","ACS_B25074_B25095_5YR"
"Napa","2,024","$20,000 to $35,000","20% to 24% of income","0.05865272938","ACS_B25074_B25095_5YR"
"Napa","2,024","$20,000 to $35,000","25% to 29% of income","0.02990708479","ACS_B25074_B25095_5YR"
"Napa","2,024","$20,000 to $35,000","30% to 34% of income","0.02351916376","ACS_B25074_B25095_5YR"
"Napa","2,024","$20,000 to $35,000","35% to 39% of income","0.05778164925","ACS_B25074_B25095_5YR"
"Napa","2,024","$20,000 to $35,000","40% to 49% of income","0.07839721254","ACS_B25074_B25095_5YR"
"Napa","2,024","$20,000 to $35,000","At least 50% of income","0.63908246225","ACS_B25074_B25095_5YR"
"Napa","2,024","$35,000 to $50,000","Less than 20% of income","0.17864187095","ACS_B25074_B25095_5YR"
"Napa","2,024","$35,000 to $50,000","20% to 24% of income","0.04226542688","ACS_B25074_B25095_5YR"
"Napa","2,024","$35,000 to $50,000","25% to 29% of income","0.05438151592","ACS_B25074_B25095_5YR"
"Napa","2,024","$35,000 to $50,000","30% to 34% of income","0.06029867568","ACS_B25074_B25095_5YR"
"Napa","2,024","$35,000 to $50,000","35% to 39% of income","0.03832065371","ACS_B25074_B25095_5YR"
"Napa","2,024","$35,000 to $50,000","40% to 49% of income","0.12454212454","ACS_B25074_B25095_5YR"
"Napa","2,024","$35,000 to $50,000","At least 50% of income","0.50154973232","ACS_B25074_B25095_5YR"
"Napa","2,024","$50,000 to $75,000","Less than 20% of income","0.19667497922","ACS_B25074_B25095_5YR"
"Napa","2,024","$50,000 to $75,000","20% to 24% of income","0.07797173732","ACS_B25074_B25095_5YR"
"Napa","2,024","$50,000 to $75,000","25% to 29% of income","0.07880299252","ACS_B25074_B25095_5YR"
"Napa","2,024","$50,000 to $75,000","30% to 34% of income","0.13732335827","ACS_B25074_B25095_5YR"
"Napa","2,024","$50,000 to $75,000","35% to 39% of income","0.10207813799","ACS_B25074_B25095_5YR"
"Napa","2,024","$50,000 to $75,000","40% to 49% of income","0.18370739817","ACS_B25074_B25095_5YR"
"Napa","2,024","$50,000 to $75,000","At least 50% of income","0.22344139651","ACS_B25074_B25095_5YR"
"Napa","2,024","$75,000 to $100,000","Less than 20% of income","0.26441171122","ACS_B25074_B25095_5YR"
"Napa","2,024","$75,000 to $100,000","20% to 24% of income","0.07655937443","ACS_B25074_B25095_5YR"
"Napa","2,024","$75,000 to $100,000","25% to 29% of income","0.1516639389","ACS_B25074_B25095_5YR"
"Napa","2,024","$75,000 to $100,000","30% to 34% of income","0.11874886343","ACS_B25074_B25095_5YR"
"Napa","2,024","$75,000 to $100,000","35% to 39% of income","0.09892707765","ACS_B25074_B25095_5YR"
"Napa","2,024","$75,000 to $100,000","40% to 49% of income","0.16312056738","ACS_B25074_B25095_5YR"
"Napa","2,024","$75,000 to $100,000","At least 50% of income","0.12656846699","ACS_B25074_B25095_5YR"
"Napa","2,024","$100,000 or more","Less than 20% of income","0.55653201388","ACS_B25074_B25095_5YR"
"Napa","2,024","$100,000 or more","20% to 24% of income","0.16365113359","ACS_B25074_B25095_5YR"
"Napa","2,024","$100,000 or more","25% to 29% of income","0.10519902518","ACS_B25074_B25095_5YR"
"Napa","2,024","$100,000 or more","30% to 34% of income","0.07418211358","ACS_B25074_B25095_5YR"
"Napa","2,024","$100,000 or more","35% to 39% of income","0.03097998671","ACS_B25074_B25095_5YR"
"Napa","2,024","$100,000 or more","40% to 49% of income","0.04615611846","ACS_B25074_B25095_5YR"
"Napa","2,024","$100,000 or more","At least 50% of income","0.0232996086","ACS_B25074_B25095_5YR"
"San Francisco","2,024","Less than $10,000","Less than 20% of income","0.02838673412","ACS_B25074_B25095_1YR"
"San Francisco","2,024","Less than $10,000","20% to 24% of income","0.02663012929","ACS_B25074_B25095_1YR"
"San Francisco","2,024","Less than $10,000","25% to 29% of income","0.03527262507","ACS_B25074_B25095_1YR"
"San Francisco","2,024","Less than $10,000","30% to 34% of income","0.00302136031","ACS_B25074_B25095_1YR"
"San Francisco","2,024","Less than $10,000","35% to 39% of income","0","ACS_B25074_B25095_1YR"
"San Francisco","2,024","Less than $10,000","40% to 49% of income","0.01278808319","ACS_B25074_B25095_1YR"
"San Francisco","2,024","Less than $10,000","At least 50% of income","0.89390106802","ACS_B25074_B25095_1YR"
"San Francisco","2,024","$10,000 to $20,000","Less than 20% of income","0.03871201158","ACS_B25074_B25095_1YR"
"San Francisco","2,024","$10,000 to $20,000","20% to 24% of income","0.04355101302","ACS_B25074_B25095_1YR"
"San Francisco","2,024","$10,000 to $20,000","25% to 29% of income","0.13585383502","ACS_B25074_B25095_1YR"
"San Francisco","2,024","$10,000 to $20,000","30% to 34% of income","0.06403762663","ACS_B25074_B25095_1YR"
"San Francisco","2,024","$10,000 to $20,000","35% to 39% of income","0.07769536903","ACS_B25074_B25095_1YR"
"San Francisco","2,024","$10,000 to $20,000","40% to 49% of income","0.04413892909","ACS_B25074_B25095_1YR"
"San Francisco","2,024","$10,000 to $20,000","At least 50% of income","0.59601121563","ACS_B25074_B25095_1YR"
"San Francisco","2,024","$20,000 to $35,000","Less than 20% of income","0.08100474125","ACS_B25074_B25095_1YR"
"San Francisco","2,024","$20,000 to $35,000","20% to 24% of income","0.02416019369","ACS_B25074_B25095_1YR"
"San Francisco","2,024","$20,000 to $35,000","25% to 29% of income","0.05089276707","ACS_B25074_B25095_1YR"
"San Francisco","2,024","$20,000 to $35,000","30% to 34% of income","0.0595178049","ACS_B25074_B25095_1YR"
"San Francisco","2,024","$20,000 to $35,000","35% to 39% of income","0.0700595178","ACS_B25074_B25095_1YR"
"San Francisco","2,024","$20,000 to $35,000","40% to 49% of income","0.06314939978","ACS_B25074_B25095_1YR"
"San Francisco","2,024","$20,000 to $35,000","At least 50% of income","0.65121557551","ACS_B25074_B25095_1YR"
"San Francisco","2,024","$35,000 to $50,000","Less than 20% of income","0.10261796199","ACS_B25074_B25095_1YR"
"San Francisco","2,024","$35,000 to $50,000","20% to 24% of income","0.06485988012","ACS_B25074_B25095_1YR"
"San Francisco","2,024","$35,000 to $50,000","25% to 29% of income","0.11081510323","ACS_B25074_B25095_1YR"
"San Francisco","2,024","$35,000 to $50,000","30% to 34% of income","0.07833393104","ACS_B25074_B25095_1YR"
"San Francisco","2,024","$35,000 to $50,000","35% to 39% of income","0.0348378503","ACS_B25074_B25095_1YR"
"San Francisco","2,024","$35,000 to $50,000","40% to 49% of income","0.18136175009","ACS_B25074_B25095_1YR"
"San Francisco","2,024","$35,000 to $50,000","At least 50% of income","0.42717352323","ACS_B25074_B25095_1YR"
"San Francisco","2,024","$50,000 to $75,000","Less than 20% of income","0.19228878432","ACS_B25074_B25095_1YR"
"San Francisco","2,024","$50,000 to $75,000","20% to 24% of income","0.10260552005","ACS_B25074_B25095_1YR"
"San Francisco","2,024","$50,000 to $75,000","25% to 29% of income","0.0895779198","ACS_B25074_B25095_1YR"
"San Francisco","2,024","$50,000 to $75,000","30% to 34% of income","0.1061170026","ACS_B25074_B25095_1YR"
"San Francisco","2,024","$50,000 to $75,000","35% to 39% of income","0.08838401573","ACS_B25074_B25095_1YR"
"San Francisco","2,024","$50,000 to $75,000","40% to 49% of income","0.1572441885","ACS_B25074_B25095_1YR"
"San Francisco","2,024","$50,000 to $75,000","At least 50% of income","0.263782569","ACS_B25074_B25095_1YR"
"San Francisco","2,024","$75,000 to $100,000","Less than 20% of income","0.22826806033","ACS_B25074_B25095_1YR"
"San Francisco","2,024","$75,000 to $100,000","20% to 24% of income","0.08752315427","ACS_B25074_B25095_1YR"
"San Francisco","2,024","$75,000 to $100,000","25% to 29% of income","0.13991796772","ACS_B25074_B25095_1YR"
"San Francisco","2,024","$75,000 to $100,000","30% to 34% of income","0.15890447208","ACS_B25074_B25095_1YR"
"San Francisco","2,024","$75,000 to $100,000","35% to 39% of income","0.11947605187","ACS_B25074_B25095_1YR"
"San Francisco","2,024","$75,000 to $100,000","40% to 49% of income","0.13006086266","ACS_B25074_B25095_1YR"
"San Francisco","2,024","$75,000 to $100,000","At least 50% of income","0.13584943107","ACS_B25074_B25095_1YR"
"San Francisco","2,024","$100,000 or more","Less than 20% of income","0.60087089822","ACS_B25074_B25095_1YR"
"San Francisco","2,024","$100,000 or more","20% to 24% of income","0.16269800715","ACS_B25074_B25095_1YR"
"San Francisco","2,024","$100,000 or more","25% to 29% of income","0.09131989958","ACS_B25074_B25095_1YR"
"San Francisco","2,024","$100,000 or more","30% to 34% of income","0.05516873653","ACS_B25074_B25095_1YR"
"San Francisco","2,024","$100,000 or more","35% to 39% of income","0.03645331141","ACS_B25074_B25095_1YR"
"San Francisco","2,024","$100,000 or more","40% to 49% of income","0.02870409455","ACS_B25074_B25095_1YR"
"San Francisco","2,024","$100,000 or more","At least 50% of income","0.02478505254","ACS_B25074_B25095_1YR"
"San Mateo","2,024","Less than $10,000","Less than 20% of income","0","ACS_B25074_B25095_1YR"
"San Mateo","2,024","Less than $10,000","20% to 24% of income","0","ACS_B25074_B25095_1YR"
"San Mateo","2,024","Less than $10,000","25% to 29% of income","0","ACS_B25074_B25095_1YR"
"San Mateo","2,024","Less than $10,000","30% to 34% of income","0","ACS_B25074_B25095_1YR"
"San Mateo","2,024","Less than $10,000","35% to 39% of income","0","ACS_B25074_B25095_1YR"
"San Mateo","2,024","Less than $10,000","40% to 49% of income","0.05018331806","ACS_B25074_B25095_1YR"
"San Mateo","2,024","Less than $10,000","At least 50% of income","0.94981668194","ACS_B25074_B25095_1YR"
"San Mateo","2,024","$10,000 to $20,000","Less than 20% of income","0.06233893729","ACS_B25074_B25095_1YR"
"San Mateo","2,024","$10,000 to $20,000","20% to 24% of income","0.01497116211","ACS_B25074_B25095_1YR"
"San Mateo","2,024","$10,000 to $20,000","25% to 29% of income","0.057553074","ACS_B25074_B25095_1YR"
"San Mateo","2,024","$10,000 to $20,000","30% to 34% of income","0.0584120751","ACS_B25074_B25095_1YR"
"San Mateo","2,024","$10,000 to $20,000","35% to 39% of income","0.02650631979","ACS_B25074_B25095_1YR"
"San Mateo","2,024","$10,000 to $20,000","40% to 49% of income","0.06761565836","ACS_B25074_B25095_1YR"
"San Mateo","2,024","$10,000 to $20,000","At least 50% of income","0.71260277335","ACS_B25074_B25095_1YR"
"San Mateo","2,024","$20,000 to $35,000","Less than 20% of income","0.03344100323","ACS_B25074_B25095_1YR"
"San Mateo","2,024","$20,000 to $35,000","20% to 24% of income","0.02251567547","ACS_B25074_B25095_1YR"
"San Mateo","2,024","$20,000 to $35,000","25% to 29% of income","0.04056621699","ACS_B25074_B25095_1YR"
"San Mateo","2,024","$20,000 to $35,000","30% to 34% of income","0.0561466844","ACS_B25074_B25095_1YR"
"San Mateo","2,024","$20,000 to $35,000","35% to 39% of income","0.06764202926","ACS_B25074_B25095_1YR"
"San Mateo","2,024","$20,000 to $35,000","40% to 49% of income","0.06317689531","ACS_B25074_B25095_1YR"
"San Mateo","2,024","$20,000 to $35,000","At least 50% of income","0.71651149534","ACS_B25074_B25095_1YR"
"San Mateo","2,024","$35,000 to $50,000","Less than 20% of income","0.07941983536","ACS_B25074_B25095_1YR"
"San Mateo","2,024","$35,000 to $50,000","20% to 24% of income","0.03567228538","ACS_B25074_B25095_1YR"
"San Mateo","2,024","$35,000 to $50,000","25% to 29% of income","0.05574284594","ACS_B25074_B25095_1YR"
"San Mateo","2,024","$35,000 to $50,000","30% to 34% of income","0.0533124265","ACS_B25074_B25095_1YR"
"San Mateo","2,024","$35,000 to $50,000","35% to 39% of income","0.03598588789","ACS_B25074_B25095_1YR"
"San Mateo","2,024","$35,000 to $50,000","40% to 49% of income","0.07024696198","ACS_B25074_B25095_1YR"
"San Mateo","2,024","$35,000 to $50,000","At least 50% of income","0.66961975696","ACS_B25074_B25095_1YR"
"San Mateo","2,024","$50,000 to $75,000","Less than 20% of income","0.13826447319","ACS_B25074_B25095_1YR"
"San Mateo","2,024","$50,000 to $75,000","20% to 24% of income","0.07564150864","ACS_B25074_B25095_1YR"
"San Mateo","2,024","$50,000 to $75,000","25% to 29% of income","0.07074385701","ACS_B25074_B25095_1YR"
"San Mateo","2,024","$50,000 to $75,000","30% to 34% of income","0.08907865545","ACS_B25074_B25095_1YR"
"San Mateo","2,024","$50,000 to $75,000","35% to 39% of income","0.09652978358","ACS_B25074_B25095_1YR"
"San Mateo","2,024","$50,000 to $75,000","40% to 49% of income","0.15923646867","ACS_B25074_B25095_1YR"
"San Mateo","2,024","$50,000 to $75,000","At least 50% of income","0.37050525346","ACS_B25074_B25095_1YR"
"San Mateo","2,024","$75,000 to $100,000","Less than 20% of income","0.23628710678","ACS_B25074_B25095_1YR"
"San Mateo","2,024","$75,000 to $100,000","20% to 24% of income","0.06792202038","ACS_B25074_B25095_1YR"
"San Mateo","2,024","$75,000 to $100,000","25% to 29% of income","0.07230837395","ACS_B25074_B25095_1YR"
"San Mateo","2,024","$75,000 to $100,000","30% to 34% of income","0.16699158175","ACS_B25074_B25095_1YR"
"San Mateo","2,024","$75,000 to $100,000","35% to 39% of income","0.14226849801","ACS_B25074_B25095_1YR"
"San Mateo","2,024","$75,000 to $100,000","40% to 49% of income","0.15042091272","ACS_B25074_B25095_1YR"
"San Mateo","2,024","$75,000 to $100,000","At least 50% of income","0.16380150642","ACS_B25074_B25095_1YR"
"San Mateo","2,024","$100,000 or more","Less than 20% of income","0.58220732162","ACS_B25074_B25095_1YR"
"San Mateo","2,024","$100,000 or more","20% to 24% of income","0.1432207886","ACS_B25074_B25095_1YR"
"San Mateo","2,024","$100,000 or more","25% to 29% of income","0.1147911093","ACS_B25074_B25095_1YR"
"San Mateo","2,024","$100,000 or more","30% to 34% of income","0.05632316254","ACS_B25074_B25095_1YR"
"San Mateo","2,024","$100,000 or more","35% to 39% of income","0.03208145665","ACS_B25074_B25095_1YR"
"San Mateo","2,024","$100,000 or more","40% to 49% of income","0.03453667017","ACS_B25074_B25095_1YR"
"San Mateo","2,024","$100,000 or more","At least 50% of income","0.03683949112","ACS_B25074_B25095_1YR"
"Santa Clara","2,024","Less than $10,000","Less than 20% of income","0.00274399288","ACS_B25074_B25095_1YR"
"Santa Clara","2,024","Less than $10,000","20% to 24% of income","0","ACS_B25074_B25095_1YR"
"Santa Clara","2,024","Less than $10,000","25% to 29% of income","0","ACS_B25074_B25095_1YR"
"Santa Clara","2,024","Less than $10,000","30% to 34% of income","0.01045683773","ACS_B25074_B25095_1YR"
"Santa Clara","2,024","Less than $10,000","35% to 39% of income","0","ACS_B25074_B25095_1YR"
"Santa Clara","2,024","Less than $10,000","40% to 49% of income","0","ACS_B25074_B25095_1YR"
"Santa Clara","2,024","Less than $10,000","At least 50% of income","0.98679916939","ACS_B25074_B25095_1YR"
"Santa Clara","2,024","$10,000 to $20,000","Less than 20% of income","0.01705248682","ACS_B25074_B25095_1YR"
"Santa Clara","2,024","$10,000 to $20,000","20% to 24% of income","0.02369928948","ACS_B25074_B25095_1YR"
"Santa Clara","2,024","$10,000 to $20,000","25% to 29% of income","0.0557414623","ACS_B25074_B25095_1YR"
"Santa Clara","2,024","$10,000 to $20,000","30% to 34% of income","0.08407059363","ACS_B25074_B25095_1YR"
"Santa Clara","2,024","$10,000 to $20,000","35% to 39% of income","0.04538161815","ACS_B25074_B25095_1YR"
"Santa Clara","2,024","$10,000 to $20,000","40% to 49% of income","0.06820994728","ACS_B25074_B25095_1YR"
"Santa Clara","2,024","$10,000 to $20,000","At least 50% of income","0.70584460234","ACS_B25074_B25095_1YR"
"Santa Clara","2,024","$20,000 to $35,000","Less than 20% of income","0.03637348867","ACS_B25074_B25095_1YR"
"Santa Clara","2,024","$20,000 to $35,000","20% to 24% of income","0.01988010973","ACS_B25074_B25095_1YR"
"Santa Clara","2,024","$20,000 to $35,000","25% to 29% of income","0.03877806753","ACS_B25074_B25095_1YR"
"Santa Clara","2,024","$20,000 to $35,000","30% to 34% of income","0.07535476005","ACS_B25074_B25095_1YR"
"Santa Clara","2,024","$20,000 to $35,000","35% to 39% of income","0.04633047719","ACS_B25074_B25095_1YR"
"Santa Clara","2,024","$20,000 to $35,000","40% to 49% of income","0.10072137366","ACS_B25074_B25095_1YR"
"Santa Clara","2,024","$20,000 to $35,000","At least 50% of income","0.68256172317","ACS_B25074_B25095_1YR"
"Santa Clara","2,024","$35,000 to $50,000","Less than 20% of income","0.09787917308","ACS_B25074_B25095_1YR"
"Santa Clara","2,024","$35,000 to $50,000","20% to 24% of income","0.03412055931","ACS_B25074_B25095_1YR"
"Santa Clara","2,024","$35,000 to $50,000","25% to 29% of income","0.03425436542","ACS_B25074_B25095_1YR"
"Santa Clara","2,024","$35,000 to $50,000","30% to 34% of income","0.05783769318","ACS_B25074_B25095_1YR"
"Santa Clara","2,024","$35,000 to $50,000","35% to 39% of income","0.0438884057","ACS_B25074_B25095_1YR"
"Santa Clara","2,024","$35,000 to $50,000","40% to 49% of income","0.1343413394","ACS_B25074_B25095_1YR"
"Santa Clara","2,024","$35,000 to $50,000","At least 50% of income","0.59767846391","ACS_B25074_B25095_1YR"
"Santa Clara","2,024","$50,000 to $75,000","Less than 20% of income","0.15143035414","ACS_B25074_B25095_1YR"
"Santa Clara","2,024","$50,000 to $75,000","20% to 24% of income","0.05483181758","ACS_B25074_B25095_1YR"
"Santa Clara","2,024","$50,000 to $75,000","25% to 29% of income","0.04206923935","ACS_B25074_B25095_1YR"
"Santa Clara","2,024","$50,000 to $75,000","30% to 34% of income","0.07199984874","ACS_B25074_B25095_1YR"
"Santa Clara","2,024","$50,000 to $75,000","35% to 39% of income","0.09041577644","ACS_B25074_B25095_1YR"
"Santa Clara","2,024","$50,000 to $75,000","40% to 49% of income","0.2189869349","ACS_B25074_B25095_1YR"
"Santa Clara","2,024","$50,000 to $75,000","At least 50% of income","0.37026602885","ACS_B25074_B25095_1YR"
"Santa Clara","2,024","$75,000 to $100,000","Less than 20% of income","0.18499617703","ACS_B25074_B25095_1YR"
"Santa Clara","2,024","$75,000 to $100,000","20% to 24% of income","0.07836199079","ACS_B25074_B25095_1YR"
"Santa Clara","2,024","$75,000 to $100,000","25% to 29% of income","0.10570956098","ACS_B25074_B25095_1YR"
"Santa Clara","2,024","$75,000 to $100,000","30% to 34% of income","0.12258397198","ACS_B25074_B25095_1YR"
"Santa Clara","2,024","$75,000 to $100,000","35% to 39% of income","0.15137182382","ACS_B25074_B25095_1YR"
"Santa Clara","2,024","$75,000 to $100,000","40% to 49% of income","0.18175998862","ACS_B25074_B25095_1YR"
"Santa Clara","2,024","$75,000 to $100,000","At least 50% of income","0.17521648678","ACS_B25074_B25095_1YR"
"Santa Clara","2,024","$100,000 or more","Less than 20% of income","0.59191397925","ACS_B25074_B25095_1YR"
"Santa Clara","2,024","$100,000 or more","20% to 24% of income","0.14523558673","ACS_B25074_B25095_1YR"
"Santa Clara","2,024","$100,000 or more","25% to 29% of income","0.09989245216","ACS_B25074_B25095_1YR"
"Santa Clara","2,024","$100,000 or more","30% to 34% of income","0.06367226602","ACS_B25074_B25095_1YR"
"Santa Clara","2,024","$100,000 or more","35% to 39% of income","0.03764393559","ACS_B25074_B25095_1YR"
"Santa Clara","2,024","$100,000 or more","40% to 49% of income","0.03324783535","ACS_B25074_B25095_1YR"
"Santa Clara","2,024","$100,000 or more","At least 50% of income","0.0283939449","ACS_B25074_B25095_1YR"
"Solano","2,024","Less than $10,000","Less than 20% of income","0","ACS_B25074_B25095_1YR_5YR"
"Solano","2,024","Less than $10,000","20% to 24% of income","0","ACS_B25074_B25095_1YR_5YR"
"Solano","2,024","Less than $10,000","25% to 29% of income","0.00680786687","ACS_B25074_B25095_1YR_5YR"
"Solano","2,024","Less than $10,000","30% to 34% of income","0","ACS_B25074_B25095_1YR_5YR"
"Solano","2,024","Less than $10,000","35% to 39% of income","0","ACS_B25074_B25095_1YR_5YR"
"Solano","2,024","Less than $10,000","40% to 49% of income","0.00353000504","ACS_B25074_B25095_1YR_5YR"
"Solano","2,024","Less than $10,000","At least 50% of income","0.98966212809","ACS_B25074_B25095_1YR_5YR"
"Solano","2,024","$10,000 to $20,000","Less than 20% of income","0.02096968078","ACS_B25074_B25095_1YR_5YR"
"Solano","2,024","$10,000 to $20,000","20% to 24% of income","0.02470949646","ACS_B25074_B25095_1YR_5YR"
"Solano","2,024","$10,000 to $20,000","25% to 29% of income","0.04220649125","ACS_B25074_B25095_1YR_5YR"
"Solano","2,024","$10,000 to $20,000","30% to 34% of income","0.03686389742","ACS_B25074_B25095_1YR_5YR"
"Solano","2,024","$10,000 to $20,000","35% to 39% of income","0.0548951516","ACS_B25074_B25095_1YR_5YR"
"Solano","2,024","$10,000 to $20,000","40% to 49% of income","0.0671831174","ACS_B25074_B25095_1YR_5YR"
"Solano","2,024","$10,000 to $20,000","At least 50% of income","0.75317216509","ACS_B25074_B25095_1YR_5YR"
"Solano","2,024","$20,000 to $35,000","Less than 20% of income","0.02234951639","ACS_B25074_B25095_1YR_5YR"
"Solano","2,024","$20,000 to $35,000","20% to 24% of income","0.03953422857","ACS_B25074_B25095_1YR_5YR"
"Solano","2,024","$20,000 to $35,000","25% to 29% of income","0.05653112968","ACS_B25074_B25095_1YR_5YR"
"Solano","2,024","$20,000 to $35,000","30% to 34% of income","0.04310263875","ACS_B25074_B25095_1YR_5YR"
"Solano","2,024","$20,000 to $35,000","35% to 39% of income","0.02657526528","ACS_B25074_B25095_1YR_5YR"
"Solano","2,024","$20,000 to $35,000","40% to 49% of income","0.07164992018","ACS_B25074_B25095_1YR_5YR"
"Solano","2,024","$20,000 to $35,000","At least 50% of income","0.74025730116","ACS_B25074_B25095_1YR_5YR"
"Solano","2,024","$35,000 to $50,000","Less than 20% of income","0.13250536097","ACS_B25074_B25095_1YR_5YR"
"Solano","2,024","$35,000 to $50,000","20% to 24% of income","0.05164403145","ACS_B25074_B25095_1YR_5YR"
"Solano","2,024","$35,000 to $50,000","25% to 29% of income","0.07639385275","ACS_B25074_B25095_1YR_5YR"
"Solano","2,024","$35,000 to $50,000","30% to 34% of income","0.04717655468","ACS_B25074_B25095_1YR_5YR"
"Solano","2,024","$35,000 to $50,000","35% to 39% of income","0.07505360972","ACS_B25074_B25095_1YR_5YR"
"Solano","2,024","$35,000 to $50,000","40% to 49% of income","0.12437455325","ACS_B25074_B25095_1YR_5YR"
"Solano","2,024","$35,000 to $50,000","At least 50% of income","0.49285203717","ACS_B25074_B25095_1YR_5YR"
"Solano","2,024","$50,000 to $75,000","Less than 20% of income","0.13318495437","ACS_B25074_B25095_1YR_5YR"
"Solano","2,024","$50,000 to $75,000","20% to 24% of income","0.06677053194","ACS_B25074_B25095_1YR_5YR"
"Solano","2,024","$50,000 to $75,000","25% to 29% of income","0.05791230803","ACS_B25074_B25095_1YR_5YR"
"Solano","2,024","$50,000 to $75,000","30% to 34% of income","0.1245938126","ACS_B25074_B25095_1YR_5YR"
"Solano","2,024","$50,000 to $75,000","35% to 39% of income","0.0972178945","ACS_B25074_B25095_1YR_5YR"
"Solano","2,024","$50,000 to $75,000","40% to 49% of income","0.23489873136","ACS_B25074_B25095_1YR_5YR"
"Solano","2,024","$50,000 to $75,000","At least 50% of income","0.28542176719","ACS_B25074_B25095_1YR_5YR"
"Solano","2,024","$75,000 to $100,000","Less than 20% of income","0.24345445495","ACS_B25074_B25095_1YR_5YR"
"Solano","2,024","$75,000 to $100,000","20% to 24% of income","0.07949228472","ACS_B25074_B25095_1YR_5YR"
"Solano","2,024","$75,000 to $100,000","25% to 29% of income","0.16829268293","ACS_B25074_B25095_1YR_5YR"
"Solano","2,024","$75,000 to $100,000","30% to 34% of income","0.15072175212","ACS_B25074_B25095_1YR_5YR"
"Solano","2,024","$75,000 to $100,000","35% to 39% of income","0.14614235938","ACS_B25074_B25095_1YR_5YR"
"Solano","2,024","$75,000 to $100,000","40% to 49% of income","0.13882528621","ACS_B25074_B25095_1YR_5YR"
"Solano","2,024","$75,000 to $100,000","At least 50% of income","0.07307117969","ACS_B25074_B25095_1YR_5YR"
"Solano","2,024","$100,000 or more","Less than 20% of income","0.56525919292","ACS_B25074_B25095_1YR_5YR"
"Solano","2,024","$100,000 or more","20% to 24% of income","0.17894584343","ACS_B25074_B25095_1YR_5YR"
"Solano","2,024","$100,000 or more","25% to 29% of income","0.12626435571","ACS_B25074_B25095_1YR_5YR"
"Solano","2,024","$100,000 or more","30% to 34% of income","0.06108418502","ACS_B25074_B25095_1YR_5YR"
"Solano","2,024","$100,000 or more","35% to 39% of income","0.03206985565","ACS_B25074_B25095_1YR_5YR"
"Solano","2,024","$100,000 or more","40% to 49% of income","0.02271889158","ACS_B25074_B25095_1YR_5YR"
"Solano","2,024","$100,000 or more","At least 50% of income","0.01365767569","ACS_B25074_B25095_1YR_5YR"
"Sonoma","2,024","Less than $10,000","Less than 20% of income","0","ACS_B25074_B25095_1YR"
"Sonoma","2,024","Less than $10,000","20% to 24% of income","0.01722469518","ACS_B25074_B25095_1YR"
"Sonoma","2,024","Less than $10,000","25% to 29% of income","0","ACS_B25074_B25095_1YR"
"Sonoma","2,024","Less than $10,000","30% to 34% of income","0","ACS_B25074_B25095_1YR"
"Sonoma","2,024","Less than $10,000","35% to 39% of income","0","ACS_B25074_B25095_1YR"
"Sonoma","2,024","Less than $10,000","40% to 49% of income","0","ACS_B25074_B25095_1YR"
"Sonoma","2,024","Less than $10,000","At least 50% of income","0.98277530482","ACS_B25074_B25095_1YR"
"Sonoma","2,024","$10,000 to $20,000","Less than 20% of income","0.01314747347","ACS_B25074_B25095_1YR"
"Sonoma","2,024","$10,000 to $20,000","20% to 24% of income","0.01362268335","ACS_B25074_B25095_1YR"
"Sonoma","2,024","$10,000 to $20,000","25% to 29% of income","0.03469032156","ACS_B25074_B25095_1YR"
"Sonoma","2,024","$10,000 to $20,000","30% to 34% of income","0.03310628861","ACS_B25074_B25095_1YR"
"Sonoma","2,024","$10,000 to $20,000","35% to 39% of income","0.01964200855","ACS_B25074_B25095_1YR"
"Sonoma","2,024","$10,000 to $20,000","40% to 49% of income","0.01900839537","ACS_B25074_B25095_1YR"
"Sonoma","2,024","$10,000 to $20,000","At least 50% of income","0.86678282908","ACS_B25074_B25095_1YR"
"Sonoma","2,024","$20,000 to $35,000","Less than 20% of income","0.07485436118","ACS_B25074_B25095_1YR"
"Sonoma","2,024","$20,000 to $35,000","20% to 24% of income","0.06543771447","ACS_B25074_B25095_1YR"
"Sonoma","2,024","$20,000 to $35,000","25% to 29% of income","0.07676961136","ACS_B25074_B25095_1YR"
"Sonoma","2,024","$20,000 to $35,000","30% to 34% of income","0.0252174607","ACS_B25074_B25095_1YR"
"Sonoma","2,024","$20,000 to $35,000","35% to 39% of income","0.06064958902","ACS_B25074_B25095_1YR"
"Sonoma","2,024","$20,000 to $35,000","40% to 49% of income","0.07916367409","ACS_B25074_B25095_1YR"
"Sonoma","2,024","$20,000 to $35,000","At least 50% of income","0.61790758918","ACS_B25074_B25095_1YR"
"Sonoma","2,024","$35,000 to $50,000","Less than 20% of income","0.11892956103","ACS_B25074_B25095_1YR"
"Sonoma","2,024","$35,000 to $50,000","20% to 24% of income","0.03171941082","ACS_B25074_B25095_1YR"
"Sonoma","2,024","$35,000 to $50,000","25% to 29% of income","0.0790433134","ACS_B25074_B25095_1YR"
"Sonoma","2,024","$35,000 to $50,000","30% to 34% of income","0.12089835205","ACS_B25074_B25095_1YR"
"Sonoma","2,024","$35,000 to $50,000","35% to 39% of income","0.07437654951","ACS_B25074_B25095_1YR"
"Sonoma","2,024","$35,000 to $50,000","40% to 49% of income","0.09297068689","ACS_B25074_B25095_1YR"
"Sonoma","2,024","$35,000 to $50,000","At least 50% of income","0.48206212629","ACS_B25074_B25095_1YR"
"Sonoma","2,024","$50,000 to $75,000","Less than 20% of income","0.21733569867","ACS_B25074_B25095_1YR"
"Sonoma","2,024","$50,000 to $75,000","20% to 24% of income","0.06283262511","ACS_B25074_B25095_1YR"
"Sonoma","2,024","$50,000 to $75,000","25% to 29% of income","0.07211518627","ACS_B25074_B25095_1YR"
"Sonoma","2,024","$50,000 to $75,000","30% to 34% of income","0.08634844672","ACS_B25074_B25095_1YR"
"Sonoma","2,024","$50,000 to $75,000","35% to 39% of income","0.09624984529","ACS_B25074_B25095_1YR"
"Sonoma","2,024","$50,000 to $75,000","40% to 49% of income","0.18556871158","ACS_B25074_B25095_1YR"
"Sonoma","2,024","$50,000 to $75,000","At least 50% of income","0.27954948636","ACS_B25074_B25095_1YR"
"Sonoma","2,024","$75,000 to $100,000","Less than 20% of income","0.24855464807","ACS_B25074_B25095_1YR"
"Sonoma","2,024","$75,000 to $100,000","20% to 24% of income","0.14366339359","ACS_B25074_B25095_1YR"
"Sonoma","2,024","$75,000 to $100,000","25% to 29% of income","0.09016243003","ACS_B25074_B25095_1YR"
"Sonoma","2,024","$75,000 to $100,000","30% to 34% of income","0.18303202716","ACS_B25074_B25095_1YR"
"Sonoma","2,024","$75,000 to $100,000","35% to 39% of income","0.09218133431","ACS_B25074_B25095_1YR"
"Sonoma","2,024","$75,000 to $100,000","40% to 49% of income","0.14503991924","ACS_B25074_B25095_1YR"
"Sonoma","2,024","$75,000 to $100,000","At least 50% of income","0.09736624759","ACS_B25074_B25095_1YR"
"Sonoma","2,024","$100,000 or more","Less than 20% of income","0.54983802282","ACS_B25074_B25095_1YR"
"Sonoma","2,024","$100,000 or more","20% to 24% of income","0.1746950311","ACS_B25074_B25095_1YR"
"Sonoma","2,024","$100,000 or more","25% to 29% of income","0.13043729032","ACS_B25074_B25095_1YR"
"Sonoma","2,024","$100,000 or more","30% to 34% of income","0.05630269065","ACS_B25074_B25095_1YR"
"Sonoma","2,024","$100,000 or more","35% to 39% of income","0.04017226297","ACS_B25074_B25095_1YR"
"Sonoma","2,024","$100,000 or more","40% to 49% of income","0.03184750113","ACS_B25074_B25095_1YR"
"Sonoma","2,024","$100,000 or more","At least 50% of income","0.01670720102","ACS_B25074_B25095_1YR"
